jobName,city,companyName,companyDesc,workTime,studyTime,jobUrl,companyUrl,companyDomain,rongzi
Go,8k-15k,北京,Udesk,企业级智能客服平台,经验1-3年,本科,https://www.lagou.com/jobs/2643740.html,https://www.lagou.com/company/25439.html,其他
GO,14k-20k,上海,乐至科技,,经验3-5年,大专,https://www.lagou.com/jobs/3985338.html,https://www.lagou.com/company/137205.html,移动互联网
Go /Golang 工程师,20k-40k,北京,数美,,经验1-3年,本科,https://www.lagou.com/jobs/3388082.html,https://www.lagou.com/company/82991.html,"企业服务,数据服务"
Go,15k-25k,北京,商询科技,,经验3-5年,本科,https://www.lagou.com/jobs/3883887.html,https://www.lagou.com/company/41878.html,"企业服务,数据服务"
Go/golang,12k-24k,上海,汇宜金融,,经验1-3年,本科,https://www.lagou.com/jobs/3710783.html,https://www.lagou.com/company/73861.html,移动互联网、数据服务
Go,15K-30K,上海,换手率,,经验不限,大专,https://www.lagou.com/jobs/2484668.html,https://www.lagou.com/company/56083.html,金融
go语言,20k-30k,北京,微事博,,经验3-5年,本科,https://www.lagou.com/jobs/3164056.html,https://www.lagou.com/company/167443.html,"企业服务,数据服务"
Golang开发工程师,25k-30k,北京,奥琦玮,,经验5-10年,本科,https://www.lagou.com/jobs/4011127.html,https://www.lagou.com/company/28659.html,"移动互联网,O2O"
Go,10k-15k,上海,钱研社,,经验1-3年,本科,https://www.lagou.com/jobs/3706280.html,https://www.lagou.com/company/46147.html,"移动互联网,社交网络"
Go,25k-50k,北京,滴滴出行,,经验3-5年,本科,https://www.lagou.com/jobs/1286665.html,https://www.lagou.com/company/2474.html,移动互联网
Go,10k-18k,上海,麦萌漫画,,经验1-3年,大专,https://www.lagou.com/jobs/3806320.html,https://www.lagou.com/company/126229.html,"移动互联网,电子商务"
高级GO/PHP 语言服务器端开发工程师,20k-40k,北京,FunPlus 趣加游戏,,经验5-10年,本科,https://www.lagou.com/jobs/3865520.html,https://www.lagou.com/company/13321.html,游戏
GO,10k-20k,北京,小肚皮App,,经验不限,本科,https://www.lagou.com/jobs/2962839.html,https://www.lagou.com/company/41030.html,移动互联网
存储应用开发工程师-Java/GO/Python,18k-35k,北京,XSKY,,经验3-5年,本科,https://www.lagou.com/jobs/3819005.html,https://www.lagou.com/company/83585.html,企业服务
Go,10k-20k,上海,爱可生,,经验不限,本科,https://www.lagou.com/jobs/506545.html,https://www.lagou.com/company/57682.html,数据服务
Go,12k-24k,北京,Udesk,企业级智能客服平台,经验3-5年,本科,https://www.lagou.com/jobs/3982315.html,https://www.lagou.com/company/25439.html,其他
Go工程师,15k-25k,北京,商询科技,,经验3-5年,本科,https://www.lagou.com/jobs/3826944.html,https://www.lagou.com/company/41878.html,"企业服务,数据服务"
Go/golang,8k-16k,上海,汇宜金融,,经验不限,本科,https://www.lagou.com/jobs/3736250.html,https://www.lagou.com/company/73861.html,移动互联网、数据服务
go语言工程师,20k-30k,北京,微事博,,经验3-5年,本科,https://www.lagou.com/jobs/3447039.html,https://www.lagou.com/company/167443.html,"企业服务,数据服务"
Golang开发工程师,30k-42k,北京,美团点评,,经验1-3年,本科,https://www.lagou.com/jobs/3152909.html,https://www.lagou.com/company/50702.html,"移动互联网,O2O"
Golang开发,15k-30k,深圳,萌蛋互动,,经验3-5年,本科,https://www.lagou.com/jobs/3807354.html,https://www.lagou.com/company/64766.html,游戏
golang开发工程师,10k-20k,广州,舜飞科技,,经验1-3年,大专,https://www.lagou.com/jobs/3822540.html,https://www.lagou.com/company/5806.html,移动互联网
Golang开发工程师,25k-50k,北京,滴滴出行,,经验3-5年,本科,https://www.lagou.com/jobs/3732794.html,https://www.lagou.com/company/2474.html,移动互联网
Go开发工程师,15k-25k,上海,DAOCLOUD,,经验1-3年,本科,https://www.lagou.com/jobs/3937316.html,https://www.lagou.com/company/41209.html,"企业服务,数据服务"
Go开发／区块链开发,20k-40k,北京,OKCoin,,经验3-5年,本科,https://www.lagou.com/jobs/4003125.html,https://www.lagou.com/company/79922.html,"移动互联网,金融"
golang软件工程师,7k-12k,成都,千行集团,,经验1-3年,本科,https://www.lagou.com/jobs/3711352.html,https://www.lagou.com/company/89111.html,"移动互联网,电子商务"
Golang工程师,15k-30k,北京,乐惠,,经验3-5年,本科,https://www.lagou.com/jobs/3489337.html,https://www.lagou.com/company/83363.html,"移动互联网,电子商务"
Golang开发工程师,10k-20k,杭州,威佩,,经验1-3年,本科,https://www.lagou.com/jobs/3895359.html,https://www.lagou.com/company/50576.html,"移动互联网,游戏"
GO开发工程师,10k-20k,上海,ezbuy,,经验1-3年,大专,https://www.lagou.com/jobs/3113864.html,https://www.lagou.com/company/30843.html,"电子商务,生活服务"
golang开发工程师,20k-40k,上海,Hellobike哈罗单车,,经验3-5年,本科,https://www.lagou.com/jobs/3949701.html,https://www.lagou.com/company/164989.html,"移动互联网,硬件"
